dataset,model,auc,ap,recon
pubmed,baseline,0.7792107951174247,0.7901177813358915,1.589012622833252
pubmed,untrained,0.527624872579001,0.5142048432749764,33.288082122802734
