dataset,model,auc,ap,recon
pubmed,baseline,0.7596553060649798,0.800513037372631,1.7676210403442383
pubmed,causal_base,0.4728345184395461,0.4867886537458548,1.626523494720459
pubmed,untrained,0.5363322495404531,0.5202241998897859,29.225744247436523
