dataset,model,auc,ap,recon
pubmed,causal_base,0.9600354544708276,0.9498672958715075,1.2263617515563965
