dataset,model,auc,ap,recon
pubmed,baseline,0.9286840177438611,0.9175423135257315,1.9152545928955078
pubmed,untrained,0.527624872579001,0.5142048432749764,33.288082122802734
